Temporada,Jornada,Equipo,LoV,Minutos,Puntos,T1,%T1,T2,%T2,T3,%T3,T,Valoración,Puntos_1C,Puntos_2C,Puntos_3C,Puntos_4C,Puntos_PR
2010,1,ASE,L,100:00,79,13/18,72%,21/45,47%,8/23,35%,36,74,,,,, 
2010,1,RMB,V,100:00,84,16/24,67%,19/37,51%,10/23,43%,35,94,,,,, 
2010,1,CAJ,L,100:00,85,20/21,95%,22/39,56%,7/29,24%,31,100,,,,, 
2010,1,DKV,V,100:00,80,12/14,86%,25/45,56%,6/12,50%,35,85,,,,, 
2010,1,CAI,L,100:00,76,12/17,71%,20/40,50%,8/23,35%,34,81,,,,, 
2010,1,UNI,V,100:00,79,6/10,60%,20/38,53%,11/23,48%,32,82,,,,, 
2010,1,MEN,L,100:00,73,14/22,64%,16/36,44%,9/15,60%,41,84,,,,, 
2010,1,BRV,V,100:00,61,8/14,57%,19/41,46%,5/17,29%,24,45,,,,, 
2010,1,FCB,L,100:00,83,11/14,79%,24/34,71%,8/25,32%,31,108,,,,, 
2010,1,GCA,V,100:00,58,8/12,67%,19/49,39%,4/12,33%,35,43,,,,, 
2010,1,CLA,L,100:00,92,9/13,69%,25/41,61%,11/20,55%,39,124,,,,, 
2010,1,ALI,V,100:00,47,9/14,64%,16/46,35%,2/9,22%,25,25,,,,, 
2010,1,FUE,L,100:00,71,20/24,83%,18/39,46%,5/26,19%,41,82,,,,, 
2010,1,GBC,V,100:00,64,4/6,67%,21/48,44%,6/19,32%,37,56,,,,, 
2010,1,VBC,L,100:00,104,17/19,89%,27/42,64%,11/19,58%,34,112,,,,, 
2010,1,GRA,V,100:00,81,29/35,83%,23/43,53%,2/17,12%,24,82,,,,, 
2010,1,MAN,L,100:00,59,11/20,55%,18/33,55%,4/20,20%,21,50,,,,, 
2010,1,BBB,V,100:00,86,11/15,73%,21/39,54%,11/18,61%,38,97,,,,, 
2010,2,UNI,L,100:00,76,10/15,67%,21/36,58%,8/26,31%,34,92,,,,, 
2010,2,CLA,V,100:00,69,5/7,71%,20/38,53%,8/25,32%,35,62,,,,, 
2010,2,BRV,L,100:00,79,10/14,71%,24/44,55%,7/16,44%,31,98,,,,, 
2010,2,ASE,V,100:00,66,9/13,69%,18/36,50%,7/18,39%,27,59,,,,, 
2010,2,BBB,L,100:00,77,9/14,64%,28/41,68%,4/20,20%,39,90,,,,, 
2010,2,VBC,V,100:00,70,11/16,69%,16/31,52%,9/29,31%,30,68,,,,, 
2010,2,RMB,L,100:00,81,12/13,92%,21/35,60%,9/22,41%,38,101,,,,, 
2010,2,MAN,V,100:00,63,9/19,47%,21/33,64%,4/19,21%,18,50,,,,, 
2010,2,DKV,L,100:00,91,15/18,83%,23/43,53%,10/23,43%,33,105,,,,, 
2010,2,MEN,V,100:00,73,14/19,74%,25/53,47%,3/9,33%,39,65,,,,, 
2010,2,ALI,L,100:00,68,10/15,67%,17/38,45%,8/18,44%,26,60,,,,, 
2010,2,FUE,V,100:00,76,16/23,70%,21/35,60%,6/26,23%,36,81,,,,, 
2010,2,GRA,L,100:00,78,19/21,90%,22/48,46%,5/15,33%,36,80,,,,, 
2010,2,FCB,V,100:00,85,22/24,92%,15/36,42%,11/25,44%,35,97,,,,, 
2010,2,GBC,L,100:00,73,10/12,83%,18/35,51%,9/21,43%,35,79,,,,, 
2010,2,CAJ,V,100:00,60,11/18,61%,14/42,33%,7/21,33%,34,47,,,,, 
2010,2,GCA,L,100:00,83,19/23,83%,17/38,45%,10/20,50%,32,99,,,,, 
2010,2,CAI,V,100:00,61,8/14,57%,16/34,47%,7/21,33%,29,48,,,,, 
2010,3,CLA,L,100:00,82,9/15,60%,20/36,56%,11/22,50%,32,109,,,,, 
2010,3,GCA,V,100:00,61,8/9,89%,13/36,36%,9/19,47%,28,44,,,,, 
2010,3,VBC,L,100:00,69,15/21,71%,18/41,44%,6/18,33%,40,65,,,,, 
2010,3,FCB,V,100:00,78,9/13,69%,24/47,51%,7/20,35%,31,91,,,,, 
2010,3,BBB,L,100:00,73,17/20,85%,19/42,45%,6/18,33%,32,64,,,,, 
2010,3,RMB,V,100:00,75,16/23,70%,22/45,49%,5/14,36%,39,82,,,,, 
2010,3,CAI,L,100:00,89,12/20,60%,13/34,38%,17/29,59%,37,104,,,,, 
2010,3,GRA,V,100:00,75,11/13,85%,23/39,59%,6/26,23%,32,68,,,,, 
2010,3,CAJ,L,100:00,65,11/19,58%,15/37,41%,8/24,33%,44,72,,,,, 
2010,3,ALI,V,100:00,49,16/20,80%,9/26,35%,5/19,26%,29,38,,,,, 
2010,3,MEN,L,100:00,87,21/25,84%,27/48,56%,4/19,21%,29,82,,,,, 
2010,3,GBC,V,100:00,96,15/19,79%,21/26,81%,13/25,52%,26,96,,,,, 
2010,3,MAN,L,100:00,72,15/20,75%,12/28,43%,11/32,34%,36,69,,,,, 
2010,3,BRV,V,100:00,76,15/19,79%,23/52,44%,5/17,29%,44,78,,,,, 
2010,3,FUE,L,100:00,84,20/26,77%,20/32,63%,8/26,31%,31,98,,,,, 
2010,3,UNI,V,100:00,74,7/8,88%,26/40,65%,5/22,23%,31,67,,,,, 
2010,3,ASE,L,100:00,66,14/19,74%,17/43,40%,6/28,21%,46,56,,,,, 
2010,3,DKV,V,100:00,77,13/22,59%,23/48,48%,6/20,30%,42,74,,,,, 
2010,4,RMB,L,100:00,75,21/22,95%,15/36,42%,8/23,35%,31,87,,,,, 
2010,4,VBC,V,100:00,63,13/19,68%,16/32,50%,6/17,35%,35,65,,,,, 
2010,4,FCB,L,100:00,70,4/7,57%,30/54,56%,2/20,10%,42,79,,,,, 
2010,4,CAI,V,100:00,71,13/20,65%,20/46,43%,6/19,32%,41,72,,,,, 
2010,4,BRV,L,100:00,68,12/16,75%,16/35,46%,8/18,44%,28,67,,,,, 
2010,4,BBB,V,100:00,60,16/19,84%,16/35,46%,4/20,20%,35,56,,,,, 
2010,4,DKV,L,100:00,82,11/20,55%,28/54,52%,5/16,31%,46,84,,,,, 
2010,4,MAN,V,100:00,67,15/22,68%,17/38,45%,6/25,24%,30,57,,,,, 
2010,4,ALI,L,100:00,59,12/14,86%,16/31,52%,5/20,25%,27,50,,,,, 
2010,4,MEN,V,100:00,61,13/15,87%,21/47,45%,2/6,33%,34,62,,,,, 
2010,4,UNI,L,100:00,82,4/5,80%,27/44,61%,8/23,35%,29,95,,,,, 
2010,4,CAJ,V,100:00,76,18/23,78%,20/36,56%,6/20,30%,31,82,,,,, 
2010,4,GCA,L,100:00,71,13/13,100%,23/47,49%,4/14,29%,40,81,,,,, 
2010,4,FUE,V,100:00,70,17/21,81%,13/29,45%,9/26,35%,25,69,,,,, 
2010,4,GBC,L,100:00,75,10/16,63%,19/30,63%,9/24,38%,35,79,,,,, 
2010,4,ASE,V,100:00,59,9/14,64%,19/40,48%,4/20,20%,32,62,,,,, 
2010,4,GRA,L,100:00,81,13/20,65%,19/36,53%,10/29,34%,29,77,,,,, 
2010,4,CLA,V,100:00,85,20/23,87%,19/34,56%,9/21,43%,38,104,,,,, 
2010,5,ALI,L,100:00,78,17/22,77%,20/41,49%,7/18,39%,35,78,,,,, 
2010,5,RMB,V,100:00,67,24/31,77%,17/32,53%,3/19,16%,32,66,,,,, 
2010,5,CAI,L,100:00,82,18/22,82%,11/27,41%,14/25,56%,32,101,,,,, 
2010,5,CAJ,V,100:00,78,11/13,85%,17/39,44%,11/28,39%,35,68,,,,, 
2010,5,BBB,L,100:00,89,20/26,77%,27/38,71%,5/21,24%,32,89,,,,, 
2010,5,UNI,V,100:00,71,19/28,68%,14/23,61%,8/26,31%,24,54,,,,, 
2010,5,GRA,L,100:00,77,15/22,68%,13/33,39%,12/23,52%,29,78,,,,, 
2010,5,ASE,V,100:00,74,16/23,70%,23/41,56%,4/19,21%,37,75,,,,, 
2010,5,FCB,L,100:00,84,11/15,73%,20/36,56%,11/28,39%,40,112,,,,, 
2010,5,MEN,V,100:00,44,6/9,67%,16/44,36%,2/14,14%,33,19,,,,, 
2010,5,CLA,L,100:00,90,10/14,71%,25/41,61%,10/24,42%,24,97,,,,, 
2010,5,FUE,V,100:00,81,8/11,73%,29/43,67%,5/19,26%,35,97,,,,, 
2010,5,GCA,L,100:00,69,15/20,75%,18/36,50%,6/20,30%,39,84,,,,, 
2010,5,MAN,V,100:00,49,9/16,56%,11/36,31%,6/22,27%,38,34,,,,, 
2010,5,DKV,L,100:00,86,23/29,79%,18/42,43%,9/18,50%,34,98,,,,, 
2010,5,VBC,V,100:00,83,12/16,75%,19/40,48%,11/26,42%,37,81,,,,, 
2010,5,GBC,L,100:00,75,16/18,89%,13/33,39%,11/25,44%,38,79,,,,, 
2010,5,BRV,V,100:00,64,7/12,58%,24/46,52%,3/12,25%,28,62,,,,, 
2010,6,CAJ,L,100:00,67,8/8,100%,22/42,52%,5/16,31%,30,72,,,,, 
2010,6,FCB,V,100:00,75,10/11,91%,22/32,69%,7/21,33%,25,85,,,,, 
2010,6,BRV,L,100:00,91,17/21,81%,28/47,60%,6/25,24%,31,123,,,,, 
2010,6,DKV,V,100:00,72,5/9,56%,23/45,51%,7/24,29%,47,53,,,,, 
2010,6,FUE,L,100:00,97,11/13,85%,19/37,51%,16/28,57%,25,106,,,,, 
2010,6,CAI,V,100:00,90,13/15,87%,28/47,60%,7/17,41%,30,103,,,,, 
2010,6,MEN,L,100:00,60,10/15,67%,19/47,40%,4/17,24%,42,56,,,,, 
2010,6,GRA,V,100:00,57,10/17,59%,13/28,46%,7/23,30%,30,45,,,,, 
2010,6,VBC,L,100:00,67,10/13,77%,18/34,53%,7/22,32%,29,78,,,,, 
2010,6,CLA,V,100:00,81,9/11,82%,24/50,48%,8/17,47%,37,84,,,,, 
2010,6,BBB,L,100:00,71,22/33,67%,20/49,41%,3/11,27%,49,75,,,,, 
2010,6,ALI,V,100:00,59,12/17,71%,16/36,44%,5/24,21%,30,43,,,,, 
2010,6,RMB,L,100:00,83,20/28,71%,21/46,46%,7/20,35%,40,101,,,,, 
2010,6,GBC,V,100:00,53,6/10,60%,10/28,36%,9/27,33%,34,27,,,,, 
2010,6,ASE,L,100:00,73,9/16,56%,20/36,56%,8/22,36%,26,77,,,,, 
2010,6,GCA,V,100:00,71,12/16,75%,16/31,52%,9/27,33%,37,73,,,,, 
2010,6,MAN,L,100:00,61,13/16,81%,18/39,46%,4/15,27%,25,55,,,,, 
2010,6,UNI,V,100:00,83,11/14,79%,24/43,56%,8/23,35%,39,95,,,,, 
2010,7,GBC,L,100:00,80,14/18,78%,24/44,55%,6/22,27%,41,87,,,,, 
2010,7,BBB,V,100:00,70,17/19,89%,16/39,41%,7/24,29%,34,70,,,,, 
2010,7,DKV,L,100:00,64,12/18,67%,20/39,51%,4/17,24%,36,64,,,,, 
2010,7,RMB,V,100:00,72,10/12,83%,19/42,45%,8/27,30%,41,81,,,,, 
2010,7,CAI,L,100:00,70,6/6,100%,17/39,44%,10/21,48%,27,73,,,,, 
2010,7,CLA,V,100:00,84,5/6,83%,23/42,55%,11/25,44%,36,98,,,,, 
2010,7,BRV,L,100:00,78,22/27,81%,25/45,56%,2/13,15%,25,74,,,,, 
2010,7,VBC,V,100:00,71,19/26,73%,17/33,52%,6/22,27%,38,71,,,,, 
2010,7,ALI,L,100:00,67,13/17,76%,12/32,38%,10/26,38%,30,69,,,,, 
2010,7,MAN,V,100:00,70,8/14,57%,19/39,49%,8/17,47%,40,70,,,,, 
2010,7,GCA,L,100:00,88,11/12,92%,16/34,47%,15/26,58%,36,98,,,,, 
2010,7,MEN,V,100:00,77,23/29,79%,18/44,41%,6/17,35%,33,90,,,,, 
2010,7,GRA,L,100:00,73,15/18,83%,20/34,59%,6/28,21%,37,80,,,,, 
2010,7,CAJ,V,100:00,72,22/27,81%,19/41,46%,4/16,25%,30,64,,,,, 
2010,7,FCB,L,100:00,76,8/8,100%,22/49,45%,8/18,44%,34,82,,,,, 
2010,7,FUE,V,100:00,62,11/16,69%,18/32,56%,5/17,29%,30,54,,,,, 
2010,7,UNI,L,100:00,53,7/8,88%,14/37,38%,6/21,29%,36,46,,,,, 
2010,7,ASE,V,100:00,64,18/21,86%,17/31,55%,4/18,22%,28,67,,,,, 
2010,8,CLA,L,100:00,87,8/13,62%,23/37,62%,11/23,48%,34,84,,,,, 
2010,8,FCB,V,100:00,80,21/28,75%,19/43,44%,7/15,47%,22,84,,,,, 
2010,8,MEN,L,100:00,57,5/7,71%,20/45,44%,4/14,29%,33,59,,,,, 
2010,8,UNI,V,100:00,58,5/6,83%,16/31,52%,7/24,29%,33,54,,,,, 
2010,8,VBC,L,100:00,83,13/15,87%,17/32,53%,12/28,43%,31,90,,,,, 
2010,8,CAI,V,100:00,72,19/22,86%,13/26,50%,9/28,32%,29,74,,,,, 
2010,8,CAJ,L,100:00,80,22/34,65%,20/42,48%,6/13,46%,38,94,,,,, 
2010,8,GCA,V,100:00,76,15/25,60%,20/45,44%,7/19,37%,38,65,,,,, 
2010,8,ASE,L,100:00,92,17/22,77%,30/46,65%,5/16,31%,31,115,,,,, 
2010,8,ALI,V,100:00,72,6/11,55%,18/34,53%,10/23,43%,27,50,,,,, 
2010,8,BBB,L,100:00,85,12/22,55%,20/42,48%,11/25,44%,40,74,,,,, 
2010,8,DKV,V,100:00,92,24/35,69%,19/41,46%,10/16,63%,35,107,,,,, 
2010,8,RMB,L,100:00,87,19/26,73%,22/40,55%,8/21,38%,27,99,,,,, 
2010,8,BRV,V,100:00,82,17/22,77%,25/37,68%,5/17,29%,30,69,,,,, 
2010,8,FUE,L,100:00,74,7/16,44%,23/39,59%,7/25,28%,35,83,,,,, 
2010,8,GRA,V,100:00,72,9/11,82%,18/40,45%,9/24,38%,35,69,,,,, 
2010,8,MAN,L,100:00,75,14/16,88%,14/36,39%,11/23,48%,21,80,,,,, 
2010,8,GBC,V,100:00,74,6/6,100%,16/26,62%,12/27,44%,36,78,,,,, 
2010,9,CAI,L,100:00,84,10/16,63%,22/38,58%,10/22,45%,35,94,,,,, 
2010,9,ASE,V,100:00,70,9/13,69%,20/37,54%,7/19,37%,23,71,,,,, 
2010,9,ALI,L,100:00,71,15/19,79%,13/24,54%,10/34,29%,26,56,,,,, 
2010,9,DKV,V,100:00,75,17/24,71%,20/43,47%,6/19,32%,42,73,,,,, 
2010,9,UNI,L,100:00,68,6/8,75%,13/37,35%,12/25,48%,30,69,,,,, 
2010,9,BRV,V,100:00,61,19/25,76%,12/34,35%,6/17,35%,40,67,,,,, 
2010,9,GCA,L,100:00,70,13/16,81%,15/35,43%,9/26,35%,38,77,,,,, 
2010,9,RMB,V,100:00,59,15/17,88%,16/38,42%,4/23,17%,38,66,,,,, 
2010,9,GRA,L,100:00,75,18/20,90%,18/36,50%,7/20,35%,32,91,,,,, 
2010,9,BBB,V,100:00,77,8/14,57%,21/40,53%,9/20,45%,28,71,,,,, 
2010,9,FCB,L,100:00,70,10/12,83%,21/40,53%,6/24,25%,36,77,,,,, 
2010,9,MAN,V,100:00,57,13/20,65%,16/42,38%,4/12,33%,39,50,,,,, 
2010,9,CLA,L,100:00,79,10/12,83%,27/41,66%,5/26,19%,41,98,,,,, 
2010,9,MEN,V,100:00,61,13/17,76%,21/49,43%,2/14,14%,31,42,,,,, 
2010,9,GBC,L,100:00,75,22/26,85%,16/35,46%,7/21,33%,34,75,,,,, 
2010,9,VBC,V,100:00,82,19/22,86%,21/35,60%,7/23,30%,32,89,,,,, 
2010,9,FUE,L,100:00,81,21/26,81%,12/33,36%,12/28,43%,40,96,,,,, 
2010,9,CAJ,V,100:00,68,17/18,94%,21/48,44%,3/17,18%,39,54,,,,, 
2010,10,RMB,L,100:00,88,5/7,71%,31/45,69%,7/16,44%,32,111,,,,, 
2010,10,UNI,V,100:00,72,13/15,87%,22/50,44%,5/19,26%,33,74,,,,, 
2010,10,BRV,L,100:00,79,11/14,79%,25/39,64%,6/18,33%,30,94,,,,, 
2010,10,ALI,V,100:00,63,13/15,87%,16/32,50%,6/20,30%,24,56,,,,, 
2010,10,BBB,L,100:00,72,16/20,80%,16/38,42%,8/21,38%,30,69,,,,, 
2010,10,GCA,V,100:00,75,18/22,82%,15/29,52%,9/27,33%,37,77,,,,, 
2010,10,VBC,L,100:00,86,17/18,94%,18/35,51%,11/27,41%,37,94,,,,, 
2010,10,FUE,V,100:00,60,13/20,65%,16/33,48%,5/25,20%,32,53,,,,, 
2010,10,CAJ,L,100:00,91,12/15,80%,26/57,46%,9/19,47%,43,100,,,,, 
2010,10,CLA,V,100:00,71,14/20,70%,18/31,58%,7/20,35%,25,65,,,,, 
2010,10,ASE,L,100:00,63,23/35,66%,14/36,39%,4/14,29%,38,65,,,,, 
2010,10,FCB,V,100:00,62,9/15,60%,16/38,42%,7/28,25%,41,51,,,,, 
2010,10,DKV,L,100:00,75,18/23,78%,21/49,43%,5/18,28%,37,82,,,,, 
2010,10,GBC,V,100:00,73,12/14,86%,17/29,59%,9/29,31%,35,63,,,,, 
2010,10,MEN,L,100:00,75,11/15,73%,20/41,49%,8/21,38%,27,66,,,,, 
2010,10,CAI,V,100:00,65,10/13,77%,23/37,62%,3/22,14%,38,68,,,,, 
2010,10,MAN,L,100:00,80,16/30,53%,17/35,49%,10/25,40%,43,80,,,,, 
2010,10,GRA,V,100:00,64,14/17,82%,16/38,42%,6/26,23%,36,57,,,,, 
2010,11,ASE,L,100:00,73,5/12,42%,25/37,68%,6/21,29%,31,78,,,,, 
2010,11,CAJ,V,100:00,77,20/22,91%,24/47,51%,3/14,21%,31,77,,,,, 
2010,11,GBC,L,100:00,74,14/19,74%,12/27,44%,12/26,46%,30,79,,,,, 
2010,11,GCA,V,100:00,66,9/13,69%,15/30,50%,9/31,29%,32,61,,,,, 
2010,11,VBC,L,100:00,70,10/16,63%,12/24,50%,12/30,40%,31,74,,,,, 
2010,11,MEN,V,100:00,63,21/25,84%,18/35,51%,2/15,13%,33,74,,,,, 
2010,11,BBB,L,100:00,99,28/34,82%,31/57,54%,3/13,23%,36,107,,,,, 
2010,11,CLA,V,100:00,95,21/24,88%,25/39,64%,8/18,44%,28,101,,,,, 
2010,11,RMB,L,100:00,84,12/14,86%,24/43,56%,8/20,40%,30,105,,,,, 
2010,11,CAI,V,100:00,65,9/11,82%,16/42,38%,8/16,50%,33,55,,,,, 
2010,11,DKV,L,100:00,67,13/19,68%,18/46,39%,6/30,20%,47,65,,,,, 
2010,11,GRA,V,100:00,74,14/16,88%,15/35,43%,10/29,34%,45,80,,,,, 
2010,11,ALI,L,100:00,80,24/31,77%,22/39,56%,4/12,33%,34,88,,,,, 
2010,11,UNI,V,100:00,72,12/17,71%,18/34,53%,8/21,38%,22,62,,,,, 
2010,11,BRV,L,100:00,55,9/15,60%,17/55,31%,4/11,36%,42,51,,,,, 
2010,11,FCB,V,100:00,65,12/24,50%,22/43,51%,3/20,15%,47,75,,,,, 
2010,11,MAN,L,100:00,66,10/12,83%,22/43,51%,4/18,22%,33,71,,,,, 
2010,11,FUE,V,100:00,54,9/11,82%,15/34,44%,5/24,21%,38,49,,,,, 
2010,12,CLA,L,100:00,67,9/14,64%,23/38,61%,4/22,18%,31,63,,,,, 
2010,12,RMB,V,100:00,72,12/15,80%,24/52,46%,4/15,27%,36,78,,,,, 
2010,12,GRA,L,100:00,68,25/27,93%,14/38,37%,5/20,25%,38,71,,,,, 
2010,12,GBC,V,100:00,75,14/18,78%,20/46,43%,7/17,41%,37,76,,,,, 
2010,12,CAJ,L,100:00,52,10/16,63%,18/33,55%,2/17,12%,33,49,,,,, 
2010,12,MAN,V,100:00,48,9/10,90%,9/30,30%,7/16,44%,25,42,,,,, 
2010,12,UNI,L,100:00,64,10/12,83%,15/32,47%,8/28,29%,28,52,,,,, 
2010,12,VBC,V,100:00,70,15/24,63%,17/35,49%,7/19,37%,43,86,,,,, 
2010,12,FCB,L,100:00,83,9/15,60%,28/45,62%,6/22,27%,36,96,,,,, 
2010,12,DKV,V,100:00,63,12/15,80%,15/47,32%,7/20,35%,41,55,,,,, 
2010,12,MEN,L,100:00,65,12/15,80%,16/39,41%,7/15,47%,33,56,,,,, 
2010,12,ASE,V,100:00,74,8/13,62%,15/32,47%,12/30,40%,31,68,,,,, 
2010,12,GCA,L,100:00,52,14/25,56%,16/36,44%,2/24,8%,46,55,,,,, 
2010,12,ALI,V,100:00,53,12/17,71%,13/35,37%,5/26,19%,44,40,,,,, 
2010,12,FUE,L,100:00,81,11/14,79%,17/35,49%,12/28,43%,35,96,,,,, 
2010,12,BBB,V,100:00,76,16/18,89%,21/44,48%,6/17,35%,32,76,,,,, 
2010,12,CAI,L,100:00,72,16/22,73%,13/36,36%,10/24,42%,34,77,,,,, 
2010,12,BRV,V,100:00,68,9/11,82%,25/47,53%,3/12,25%,34,65,,,,, 
2010,13,FUE,L,100:00,72,15/20,75%,15/28,54%,9/32,28%,41,79,,,,, 
2010,13,ASE,V,100:00,65,10/15,67%,17/39,44%,7/23,30%,37,69,,,,, 
2010,13,CLA,L,100:00,86,13/17,76%,20/38,53%,11/23,48%,37,109,,,,, 
2010,13,MAN,V,100:00,65,10/13,77%,20/44,45%,5/15,33%,27,63,,,,, 
2010,13,CAJ,L,100:00,75,10/12,83%,19/37,51%,9/28,32%,34,81,,,,, 
2010,13,MEN,V,100:00,67,13/20,65%,18/39,46%,6/15,40%,30,65,,,,, 
2010,13,GRA,L,100:00,79,13/20,65%,21/43,49%,8/26,31%,41,79,,,,, 
2010,13,BRV,V,100:00,86,18/28,64%,22/52,42%,8/16,50%,41,97,,,,, 
2010,13,ALI,L,100:00,65,15/18,83%,16/31,52%,6/20,30%,26,56,,,,, 
2010,13,VBC,V,100:00,73,22/30,73%,18/36,50%,5/18,28%,38,81,,,,, 
2010,13,UNI,L,100:00,69,10/15,67%,22/37,59%,5/20,25%,36,79,,,,, 
2010,13,GBC,V,100:00,56,14/18,78%,15/39,38%,4/18,22%,34,46,,,,, 
2010,13,CAI,L,100:00,68,22/29,76%,14/36,39%,6/24,25%,34,67,,,,, 
2010,13,BBB,V,100:00,74,11/15,73%,18/38,47%,9/19,47%,35,72,,,,, 
2010,13,GCA,L,100:00,89,18/24,75%,22/35,63%,9/31,29%,38,88,,,,, 
2010,13,DKV,V,100:00,81,16/22,73%,16/34,47%,11/28,39%,31,70,,,,, 
2010,13,FCB,L,100:00,95,10/14,71%,29/39,74%,9/20,45%,29,105,,,,, 
2010,13,RMB,V,100:00,75,21/26,81%,18/39,46%,6/20,30%,31,77,,,,, 
2010,14,MEN,L,100:00,79,22/29,76%,21/38,55%,5/14,36%,31,79,,,,, 
2010,14,FUE,V,100:00,88,18/21,86%,17/30,57%,12/32,38%,28,88,,,,, 
2010,14,MAN,L,100:00,58,19/30,63%,12/36,33%,5/18,28%,38,64,,,,, 
2010,14,CAI,V,100:00,42,14/18,78%,11/34,32%,2/16,13%,37,24,,,,, 
2010,14,VBC,L,100:00,78,11/12,92%,20/32,63%,9/23,39%,28,97,,,,, 
2010,14,CAJ,V,100:00,73,9/15,60%,14/39,36%,12/21,57%,33,75,,,,, 
2010,14,BBB,L,100:00,63,6/10,60%,15/40,38%,9/21,43%,49,63,,,,, 
2010,14,FCB,V,100:00,65,9/11,82%,16/43,37%,8/21,38%,31,75,,,,, 
2010,14,RMB,L,100:00,84,14/17,82%,20/41,49%,10/16,63%,34,106,,,,, 
2010,14,GRA,V,100:00,57,11/11,100%,17/41,41%,4/21,19%,33,48,,,,, 
2010,14,BRV,L,100:00,73,18/21,86%,20/51,39%,5/12,42%,39,87,,,,, 
2010,14,GCA,V,100:00,70,11/18,61%,13/27,48%,11/31,35%,38,71,,,,, 
2010,14,DKV,L,100:00,89,23/26,88%,27/45,60%,4/14,29%,33,96,,,,, 
2010,14,UNI,V,100:00,85,11/14,79%,13/28,46%,16/35,46%,30,79,,,,, 
2010,14,GBC,L,100:00,56,17/22,77%,12/37,32%,5/20,25%,42,53,,,,, 
2010,14,ALI,V,100:00,61,8/14,57%,19/43,44%,5/16,31%,40,63,,,,, 
2010,14,ASE,L,100:00,72,8/15,53%,23/42,55%,6/17,35%,24,69,,,,, 
2010,14,CLA,V,100:00,70,21/27,78%,17/28,61%,5/22,23%,35,75,,,,, 
2010,15,UNI,L,100:00,53,9/18,50%,16/44,36%,4/14,29%,34,44,,,,, 
2010,15,FCB,V,100:00,70,11/17,65%,16/27,59%,9/25,36%,36,89,,,,, 
2010,15,BBB,L,100:00,66,8/10,80%,20/39,51%,6/21,29%,40,73,,,,, 
2010,15,ASE,V,100:00,57,8/13,62%,20/47,43%,3/22,14%,42,46,,,,, 
2010,15,ALI,L,100:00,57,4/6,67%,19/36,53%,5/13,38%,30,58,,,,, 
2010,15,CAI,V,100:00,58,10/13,77%,12/33,36%,8/26,31%,32,60,,,,, 
2010,15,MAN,L,100:00,72,19/22,86%,16/39,41%,7/16,44%,23,66,,,,, 
2010,15,VBC,V,100:00,82,17/20,85%,19/31,61%,9/24,38%,39,89,,,,, 
2010,15,RMB,L,100:00,95,18/21,86%,16/38,42%,15/21,71%,25,112,,,,, 
2010,15,MEN,V,100:00,84,18/21,86%,24/44,55%,6/14,43%,29,78,,,,, 
2010,15,BRV,L,100:00,70,13/18,72%,21/41,51%,5/8,63%,22,75,,,,, 
2010,15,CAJ,V,100:00,68,12/17,71%,22/37,59%,4/23,17%,35,65,,,,, 
2010,15,DKV,L,100:00,100,20/22,91%,22/37,59%,12/22,55%,34,114,,,,, 
2010,15,FUE,V,100:00,86,8/14,57%,15/33,45%,16/38,42%,33,88,,,,, 
2010,15,GBC,L,100:00,80,13/16,81%,23/42,55%,7/22,32%,29,87,,,,, 
2010,15,CLA,V,100:00,83,8/13,62%,24/43,56%,9/21,43%,39,87,,,,, 
2010,15,GCA,L,100:00,86,16/22,73%,26/40,65%,6/19,32%,31,98,,,,, 
2010,15,GRA,V,100:00,71,19/21,90%,17/30,57%,6/23,26%,27,65,,,,, 
2010,16,FCB,L,100:00,83,15/21,71%,22/40,55%,8/18,44%,36,103,,,,, 
2010,16,ALI,V,100:00,75,6/10,60%,27/52,52%,5/14,36%,29,77,,,,, 
2010,16,FUE,L,100:00,73,13/17,76%,18/34,53%,8/25,32%,26,73,,,,, 
2010,16,BRV,V,100:00,77,17/19,89%,21/45,47%,6/12,50%,39,92,,,,, 
2010,16,GRA,L,100:00,69,12/19,63%,15/32,47%,9/24,38%,30,67,,,,, 
2010,16,UNI,V,100:00,73,9/16,56%,20/32,63%,8/23,35%,33,79,,,,, 
2010,16,CLA,L,100:00,98,13/15,87%,23/36,64%,13/33,39%,36,109,,,,, 
2010,16,DKV,V,100:00,78,12/17,71%,18/47,38%,10/18,56%,35,80,,,,, 
2010,16,CAI,L,100:00,88,16/21,76%,24/43,56%,8/20,40%,39,109,,,,, 
2010,16,GBC,V,100:00,72,16/20,80%,16/41,39%,8/17,47%,25,65,,,,, 
2010,16,MEN,L,100:00,63,9/14,64%,18/35,51%,6/16,38%,19,58,,,,, 
2010,16,BBB,V,100:00,71,12/17,71%,16/31,52%,9/22,41%,40,75,,,,, 
2010,16,CAJ,L,100:00,75,22/28,79%,19/43,44%,5/14,36%,25,69,,,,, 
2010,16,RMB,V,100:00,89,12/18,67%,22/31,71%,11/20,55%,31,105,,,,, 
2010,16,ASE,L,100:00,67,7/8,88%,24/48,50%,4/17,24%,39,59,,,,, 
2010,16,MAN,V,100:00,77,21/26,81%,16/40,40%,8/18,44%,33,91,,,,, 
2010,16,VBC,L,100:00,81,20/25,80%,17/33,52%,9/21,43%,38,87,,,,, 
2010,16,GCA,V,100:00,77,16/21,76%,14/32,44%,11/22,50%,22,75,,,,, 
2010,17,GBC,L,100:00,75,15/21,71%,21/43,49%,6/21,29%,42,69,,,,, 
2010,17,FCB,V,100:00,78,20/26,77%,20/49,41%,6/15,40%,34,88,,,,, 
2010,17,VBC,L,100:00,66,15/24,63%,18/40,45%,5/22,23%,36,65,,,,, 
2010,17,ASE,V,100:00,74,17/22,77%,12/24,50%,11/24,46%,31,83,,,,, 
2010,17,MAN,L,100:00,53,8/15,53%,12/32,38%,7/21,33%,29,42,,,,, 
2010,17,MEN,V,100:00,63,9/15,60%,18/42,43%,6/15,40%,42,75,,,,, 
2010,17,BBB,L,100:00,91,14/16,88%,25/37,68%,9/19,47%,32,105,,,,, 
2010,17,CAJ,V,100:00,77,21/30,70%,19/34,56%,6/20,30%,24,69,,,,, 
2010,17,RMB,L,100:00,76,8/9,89%,22/48,46%,8/15,53%,30,81,,,,, 
2010,17,FUE,V,100:00,75,12/13,92%,15/31,48%,11/28,39%,34,86,,,,, 
2010,17,BRV,L,100:00,78,17/20,85%,26/51,51%,3/10,30%,32,105,,,,, 
2010,17,CLA,V,100:00,64,10/16,63%,12/32,38%,10/22,45%,34,56,,,,, 
2010,17,DKV,L,100:00,84,7/10,70%,22/49,45%,11/23,48%,36,91,,,,, 
2010,17,CAI,V,100:00,80,10/14,71%,20/40,50%,10/29,34%,40,87,,,,, 
2010,17,UNI,L,100:00,50,7/7,100%,14/32,44%,5/24,21%,28,50,,,,, 
2010,17,GCA,V,100:00,67,4/5,80%,18/31,58%,9/23,39%,33,73,,,,, 
2010,17,ALI,L,100:00,86,19/23,83%,20/34,59%,9/16,56%,29,105,,,,, 
2010,17,GRA,V,100:00,49,15/22,68%,14/35,40%,2/22,9%,32,20,,,,, 
2010,18,RMB,L,100:00,82,12/13,92%,23/45,51%,8/23,35%,41,101,,,,, 
2010,18,ASE,V,100:00,61,9/13,69%,23/46,50%,2/15,13%,31,55,,,,, 
2010,18,BRV,L,100:00,71,12/16,75%,22/39,56%,5/20,25%,40,90,,,,, 
2010,18,MEN,V,100:00,55,10/15,67%,18/47,38%,3/14,21%,38,56,,,,, 
2010,18,GRA,L,100:00,56,8/13,62%,15/31,48%,6/22,27%,25,48,,,,, 
2010,18,VBC,V,100:00,72,8/11,73%,20/38,53%,8/23,35%,38,81,,,,, 
2010,18,UNI,L,100:00,105,16/19,84%,25/37,68%,13/22,59%,24,130,,,,, 
2010,18,CAI,V,100:00,80,18/21,86%,22/39,56%,6/19,32%,28,81,,,,, 
2010,18,ALI,L,100:00,88,12/16,75%,26/39,67%,8/19,42%,26,103,,,,, 
2010,18,CLA,V,100:00,68,14/19,74%,18/32,56%,6/20,30%,24,55,,,,, 
2010,18,GBC,L,100:00,74,14/18,78%,18/40,45%,8/18,44%,30,59,,,,, 
2010,18,FUE,V,100:00,94,12/16,75%,20/35,57%,14/26,54%,28,120,,,,, 
2010,18,BBB,L,100:00,74,15/20,75%,16/36,44%,9/23,39%,38,81,,,,, 
2010,18,MAN,V,100:00,60,12/17,71%,18/39,46%,4/16,25%,32,60,,,,, 
2010,18,DKV,L,100:00,59,14/19,74%,15/41,37%,5/23,22%,42,46,,,,, 
2010,18,CAJ,V,100:00,79,20/24,83%,25/48,52%,3/19,16%,42,92,,,,, 
2010,18,GCA,L,100:00,54,10/14,71%,16/41,39%,4/23,17%,36,47,,,,, 
2010,18,FCB,V,100:00,75,9/11,82%,18/35,51%,10/24,42%,36,90,,,,, 
2010,19,CLA,L,100:00,76,18/25,72%,17/36,47%,8/20,40%,37,90,,,,, 
2010,19,UNI,V,100:00,74,7/7,100%,17/32,53%,11/33,33%,32,67,,,,, 
2010,19,ASE,L,100:00,77,7/14,50%,14/32,44%,14/32,44%,40,86,,,,, 
2010,19,BRV,V,100:00,60,10/11,91%,19/44,43%,4/15,27%,33,55,,,,, 
2010,19,CAI,L,100:00,81,14/18,78%,14/31,45%,13/27,48%,29,79,,,,, 
2010,19,GCA,V,100:00,80,18/22,82%,16/38,42%,10/23,43%,35,89,,,,, 
2010,19,FUE,L,100:00,74,9/16,56%,16/26,62%,11/27,41%,37,99,,,,, 
2010,19,ALI,V,100:00,73,7/11,64%,18/44,41%,10/19,53%,29,67,,,,, 
2010,19,VBC,L,100:00,68,11/11,100%,24/43,56%,3/15,20%,36,83,,,,, 
2010,19,BBB,V,100:00,54,10/10,100%,10/31,32%,8/25,32%,33,50,,,,, 
2010,19,MAN,L,100:00,61,8/9,89%,16/49,33%,7/14,50%,37,57,,,,, 
2010,19,RMB,V,100:00,62,14/16,88%,15/36,42%,6/19,32%,36,73,,,,, 
2010,19,MEN,L,100:00,72,8/11,73%,20/45,44%,8/21,38%,28,63,,,,, 
2010,19,DKV,V,100:00,87,23/29,79%,20/38,53%,8/20,40%,41,99,,,,, 
2010,19,CAJ,L,100:00,73,11/13,85%,19/37,51%,8/21,38%,37,83,,,,, 
2010,19,GBC,V,100:00,61,15/19,79%,14/26,54%,6/23,26%,26,55,,,,, 
2010,19,FCB,L,100:00,75,17/24,71%,20/38,53%,6/22,27%,31,84,,,,, 
2010,19,GRA,V,100:00,64,22/26,85%,15/35,43%,4/12,33%,32,58,,,,, 
2010,20,RMB,L,100:00,76,16/19,84%,18/32,56%,8/27,30%,39,91,,,,, 
2010,20,BBB,V,100:00,72,11/16,69%,20/48,42%,7/18,39%,38,69,,,,, 
2010,20,BRV,L,100:00,90,12/13,92%,30/43,70%,6/15,40%,35,115,,,,, 
2010,20,MAN,V,100:00,64,11/15,73%,19/49,39%,5/15,33%,26,48,,,,, 
2010,20,FCB,L,100:00,85,14/19,74%,19/32,59%,11/22,50%,25,102,,,,, 
2010,20,VBC,V,100:00,67,12/17,71%,23/43,53%,3/14,21%,31,61,,,,, 
2010,20,GRA,L,100:00,66,5/10,50%,20/44,45%,7/23,30%,39,69,,,,, 
2010,20,CAI,V,100:00,75,14/19,74%,17/30,57%,9/25,36%,32,93,,,,, 
2010,20,UNI,L,100:00,98,17/21,81%,21/40,53%,13/21,62%,39,114,,,,, 
2010,20,FUE,V,100:00,79,20/26,77%,19/33,58%,7/22,32%,21,73,,,,, 
2010,20,ALI,L,100:00,67,15/15,100%,14/35,40%,8/21,38%,29,68,,,,, 
2010,20,CAJ,V,100:00,77,5/15,33%,24/41,59%,8/22,36%,39,89,,,,, 
2010,20,GBC,L,100:00,77,22/29,76%,17/33,52%,7/22,32%,39,89,,,,, 
2010,20,MEN,V,100:00,72,15/18,83%,18/49,37%,7/15,47%,34,66,,,,, 
2010,20,GCA,L,100:00,70,6/8,75%,23/47,49%,6/19,32%,32,69,,,,, 
2010,20,CLA,V,100:00,68,12/13,92%,16/31,52%,8/28,29%,35,74,,,,, 
2010,20,DKV,L,100:00,86,16/19,84%,23/49,47%,8/24,33%,34,101,,,,, 
2010,20,ASE,V,100:00,95,7/8,88%,26/45,58%,12/26,46%,37,98,,,,, 
2010,21,VBC,L,100:00,59,2/4,50%,21/48,44%,5/17,29%,33,57,,,,, 
2010,21,RMB,V,100:00,52,9/11,82%,8/23,35%,9/23,39%,35,55,,,,, 
2010,21,FUE,L,100:00,92,22/25,88%,20/36,56%,10/27,37%,32,104,,,,, 
2010,21,GCA,V,100:00,81,21/24,88%,18/33,55%,8/24,33%,26,85,,,,, 
2010,21,MEN,L,100:00,70,14/20,70%,19/42,45%,6/25,24%,42,62,,,,, 
2010,21,ALI,V,100:00,79,26/28,93%,16/44,36%,7/17,41%,36,78,,,,, 
2010,21,CAI,L,100:00,67,13/17,76%,21/42,50%,4/14,29%,31,65,,,,, 
2010,21,FCB,V,100:00,87,13/17,76%,16/32,50%,14/26,54%,30,99,,,,, 
2010,21,MAN,L,100:00,99,12/14,86%,21/47,45%,15/28,54%,35,123,,,,, 
2010,21,DKV,V,100:00,67,12/16,75%,14/31,45%,9/19,47%,29,56,,,,, 
2010,21,ASE,L,100:00,88,10/12,83%,21/41,51%,12/22,55%,35,109,,,,, 
2010,21,GBC,V,100:00,81,10/16,63%,19/40,48%,11/25,44%,32,86,,,,, 
2010,21,CAJ,L,100:00,82,26/33,79%,19/38,50%,6/20,30%,33,89,,,,, 
2010,21,UNI,V,100:00,77,12/20,60%,19/37,51%,9/22,41%,30,64,,,,, 
2010,21,BBB,L,100:00,93,21/25,84%,21/38,55%,10/23,43%,40,113,,,,, 
2010,21,BRV,V,100:00,70,14/16,88%,16/41,39%,8/22,36%,31,59,,,,, 
2010,21,CLA,L,100:00,78,6/10,60%,15/26,58%,14/32,44%,35,90,,,,, 
2010,21,GRA,V,100:00,63,13/20,65%,16/40,40%,6/18,33%,30,50,,,,, 
2010,22,FCB,L,100:00,89,12/12,100%,16/30,53%,15/29,52%,27,103,,,,, 
2010,22,CLA,V,100:00,66,15/18,83%,21/48,44%,3/10,30%,33,67,,,,, 
2010,22,GRA,L,100:00,81,12/16,75%,27/60,45%,5/14,36%,42,90,,,,, 
2010,22,FUE,V,100:00,69,10/22,45%,16/27,59%,9/29,31%,35,73,,,,, 
2010,22,CAI,L,100:00,72,16/21,76%,19/37,51%,6/20,30%,37,71,,,,, 
2010,22,VBC,V,100:00,76,16/22,73%,21/39,54%,6/20,30%,29,79,,,,, 
2010,22,UNI,L,100:00,78,12/13,92%,18/41,44%,10/24,42%,43,96,,,,, 
2010,22,MEN,V,100:00,68,8/12,67%,21/47,45%,6/17,35%,31,65,,,,, 
2010,22,GCA,L,100:00,70,14/17,82%,16/28,57%,8/31,26%,32,81,,,,, 
2010,22,CAJ,V,100:00,84,12/16,75%,24/34,71%,8/22,36%,30,102,,,,, 
2010,22,ALI,L,100:00,69,11/13,85%,17/38,45%,8/18,44%,33,76,,,,, 
2010,22,ASE,V,100:00,71,8/15,53%,18/31,58%,9/22,41%,29,84,,,,, 
2010,22,DKV,L,100:00,76,14/20,70%,22/35,63%,6/20,30%,30,77,,,,, 
2010,22,BBB,V,100:00,80,8/13,62%,24/46,52%,8/20,40%,34,77,,,,, 
2010,22,BRV,L,100:00,74,16/18,89%,26/50,52%,2/8,25%,32,79,,,,, 
2010,22,RMB,V,100:00,65,17/24,71%,12/31,39%,8/27,30%,36,63,,,,, 
2010,22,GBC,L,100:00,81,23/29,79%,20/33,61%,6/17,35%,29,78,,,,, 
2010,22,MAN,V,100:00,70,13/16,81%,24/44,55%,3/11,27%,25,62,,,,, 
2010,23,RMB,L,100:00,78,14/26,54%,20/47,43%,8/19,42%,48,96,,,,, 
2010,23,DKV,V,100:00,60,9/12,75%,15/39,38%,7/26,27%,34,48,,,,, 
2010,23,MEN,L,100:00,67,13/17,76%,21/44,48%,4/17,24%,35,65,,,,, 
2010,23,GCA,V,100:00,76,26/29,90%,13/29,45%,8/23,35%,31,82,,,,, 
2010,23,CLA,L,100:00,79,2/2,100%,25/37,68%,9/22,41%,35,102,,,,, 
2010,23,CAI,V,100:00,61,5/5,100%,16/42,38%,8/24,33%,29,54,,,,, 
2010,23,VBC,L,100:00,68,13/16,81%,11/35,31%,11/26,42%,32,69,,,,, 
2010,23,BRV,V,100:00,64,10/13,77%,24/47,51%,2/10,20%,39,68,,,,, 
2010,23,BBB,L,100:00,92,16/24,67%,23/39,59%,10/23,43%,35,107,,,,, 
2010,23,GBC,V,100:00,86,17/22,77%,18/44,41%,11/21,52%,38,82,,,,, 
2010,23,CAJ,L,100:00,82,16/20,80%,21/38,55%,8/20,40%,35,88,,,,, 
2010,23,GRA,V,100:00,63,17/21,81%,14/34,41%,6/20,30%,25,54,,,,, 
2010,23,FUE,L,100:00,69,14/20,70%,20/40,50%,5/17,29%,34,78,,,,, 
2010,23,FCB,V,100:00,66,9/10,90%,18/33,55%,7/28,25%,36,66,,,,, 
2010,23,ASE,L,100:00,78,18/21,86%,18/35,51%,8/24,33%,34,81,,,,, 
2010,23,UNI,V,100:00,69,14/15,93%,20/41,49%,5/20,25%,34,66,,,,, 
2010,23,MAN,L,100:00,49,14/20,70%,10/27,37%,5/25,20%,33,54,,,,, 
2010,23,ALI,V,100:00,48,11/17,65%,14/39,36%,3/15,20%,46,50,,,,, 
2010,24,CLA,L,100:00,72,10/13,77%,16/30,53%,10/33,30%,38,82,,,,, 
2010,24,VBC,V,100:00,65,9/14,64%,19/39,49%,6/22,27%,36,68,,,,, 
2010,24,GRA,L,100:00,74,11/17,65%,15/41,37%,11/23,48%,45,81,,,,, 
2010,24,MEN,V,100:00,54,12/17,71%,18/39,46%,2/15,13%,28,50,,,,, 
2010,24,UNI,L,100:00,75,13/17,76%,22/41,54%,6/14,43%,37,94,,,,, 
2010,24,MAN,V,100:00,51,7/9,78%,16/39,41%,4/26,15%,35,38,,,,, 
2010,24,GCA,L,100:00,78,3/4,75%,21/38,55%,11/32,34%,35,76,,,,, 
2010,24,ASE,V,100:00,67,7/11,64%,18/31,58%,8/24,33%,32,77,,,,, 
2010,24,GBC,L,100:00,78,29/33,88%,14/35,40%,7/17,41%,30,76,,,,, 
2010,24,RMB,V,100:00,88,11/13,85%,22/49,45%,11/26,42%,34,93,,,,, 
2010,24,FCB,L,100:00,73,22/24,92%,21/40,53%,3/16,19%,33,78,,,,, 
2010,24,CAJ,V,100:00,60,12/14,86%,21/41,51%,2/17,12%,33,54,,,,, 
2010,24,DKV,L,100:00,84,14/15,93%,26/45,58%,6/23,26%,34,100,,,,, 
2010,24,BRV,V,100:00,74,8/11,73%,21/42,50%,8/23,35%,34,70,,,,, 
2010,24,ALI,L,100:00,71,7/13,54%,20/41,49%,8/18,44%,31,69,,,,, 
2010,24,BBB,V,100:00,76,16/16,100%,21/34,62%,6/23,26%,31,77,,,,, 
2010,24,CAI,L,100:00,82,12/15,80%,17/35,49%,12/24,50%,41,98,,,,, 
2010,24,FUE,V,100:00,60,10/20,50%,16/36,44%,6/21,29%,26,52,,,,, 
2010,25,UNI,L,100:00,92,12/16,75%,25/34,74%,10/23,43%,32,101,,,,, 
2010,25,BBB,V,100:00,72,14/20,70%,26/48,54%,2/15,13%,27,68,,,,, 
2010,25,VBC,L,100:00,94,11/22,50%,22/37,59%,13/29,45%,38,120,,,,, 
2010,25,DKV,V,100:00,71,11/17,65%,18/39,46%,8/26,31%,40,64,,,,, 
2010,25,FUE,L,100:00,84,9/12,75%,24/45,53%,9/16,56%,34,100,,,,, 
2010,25,CLA,V,100:00,68,5/6,83%,18/36,50%,9/23,39%,27,74,,,,, 
2010,25,RMB,L,100:00,80,15/21,71%,22/35,63%,7/18,39%,39,102,,,,, 
2010,25,ALI,V,100:00,62,10/16,63%,14/41,34%,8/16,50%,23,42,,,,, 
2010,25,MEN,L,100:00,73,16/20,80%,24/47,51%,3/14,21%,35,66,,,,, 
2010,25,FCB,V,100:00,78,21/25,84%,21/38,55%,5/21,24%,33,84,,,,, 
2010,25,CAJ,L,100:00,72,12/16,75%,21/48,44%,6/17,35%,29,71,,,,, 
2010,25,CAI,V,100:00,86,19/24,79%,17/31,55%,11/25,44%,39,99,,,,, 
2010,25,BRV,L,100:00,90,21/23,91%,24/45,53%,7/19,37%,38,108,,,,, 
2010,25,GBC,V,100:00,73,19/23,83%,18/41,44%,6/17,35%,26,59,,,,, 
2010,25,ASE,L,100:00,83,15/25,60%,19/39,49%,10/26,38%,41,90,,,,, 
2010,25,GRA,V,100:00,73,10/13,77%,15/38,39%,11/25,44%,36,74,,,,, 
2010,25,MAN,L,100:00,70,17/23,74%,19/33,58%,5/27,19%,31,71,,,,, 
2010,25,GCA,V,100:00,77,18/19,95%,13/25,52%,11/24,46%,29,81,,,,, 
2010,26,CLA,L,100:00,81,9/11,82%,21/34,62%,10/26,38%,43,99,,,,, 
2010,26,CAJ,V,100:00,57,12/18,67%,18/41,44%,3/15,20%,21,40,,,,, 
2010,26,FCB,L,100:00,73,4/7,57%,24/42,57%,7/21,33%,39,89,,,,, 
2010,26,ASE,V,100:00,53,9/12,75%,13/38,34%,6/20,30%,32,49,,,,, 
2010,26,UNI,L,100:00,69,9/15,60%,18/36,50%,8/28,29%,39,65,,,,, 
2010,26,RMB,V,100:00,68,18/22,82%,16/46,35%,6/24,25%,42,71,,,,, 
2010,26,FUE,L,100:00,74,18/24,75%,10/23,43%,12/36,33%,27,69,,,,, 
2010,26,VBC,V,100:00,78,17/26,65%,26/41,63%,3/18,17%,44,82,,,,, 
2010,26,GRA,L,100:00,74,13/17,76%,20/37,54%,7/20,35%,30,73,,,,, 
2010,26,MAN,V,100:00,80,19/24,79%,17/32,53%,9/20,45%,28,96,,,,, 
2010,26,CAI,L,100:00,76,9/11,82%,17/29,59%,11/30,37%,31,82,,,,, 
2010,26,MEN,V,100:00,65,15/21,71%,19/42,45%,4/12,33%,31,69,,,,, 
2010,26,GCA,L,100:00,90,23/26,88%,23/52,44%,7/19,37%,52,102,,,,, 
2010,26,BBB,V,100:00,82,18/24,75%,26/52,50%,4/26,15%,37,80,,,,, 
2010,26,ALI,L,100:00,65,10/16,63%,20/37,54%,5/16,31%,29,51,,,,, 
2010,26,BRV,V,100:00,72,19/23,83%,19/38,50%,5/19,26%,32,81,,,,, 
2010,26,GBC,L,100:00,74,6/10,60%,19/40,48%,10/17,59%,35,74,,,,, 
2010,26,DKV,V,100:00,76,12/23,52%,20/42,48%,8/24,33%,38,96,,,,, 
2010,27,RMB,L,100:00,74,21/28,75%,22/37,59%,3/17,18%,33,92,,,,, 
2010,27,GCA,V,100:00,73,5/9,56%,19/39,49%,10/27,37%,36,67,,,,, 
2010,27,BBB,L,100:00,85,9/11,82%,23/35,66%,10/32,31%,41,100,,,,, 
2010,27,GRA,V,100:00,68,14/17,82%,18/44,41%,6/18,33%,33,65,,,,, 
2010,27,VBC,L,100:00,84,16/21,76%,19/34,56%,10/24,42%,37,98,,,,, 
2010,27,GBC,V,100:00,75,12/16,75%,18/33,55%,9/21,43%,21,69,,,,, 
2010,27,BRV,L,100:00,64,9/12,75%,20/42,48%,5/17,29%,20,60,,,,, 
2010,27,UNI,V,100:00,78,5/6,83%,23/38,61%,9/21,43%,37,86,,,,, 
2010,27,MAN,L,100:00,64,11/14,79%,16/37,43%,7/18,39%,29,64,,,,, 
2010,27,FCB,V,100:00,72,19/22,86%,16/35,46%,7/18,39%,33,75,,,,, 
2010,27,ASE,L,100:00,106,15/18,83%,29/41,71%,11/24,46%,34,125,,,,, 
2010,27,CAI,V,100:00,89,25/29,86%,14/30,47%,12/23,52%,20,92,,,,, 
2010,27,MEN,L,100:00,76,9/11,82%,29/57,51%,3/12,25%,38,94,,,,, 
2010,27,CLA,V,100:00,77,11/14,79%,18/37,49%,10/28,36%,34,79,,,,, 
2010,27,CAJ,L,100:00,72,17/24,71%,20/42,48%,5/22,23%,30,48,,,,, 
2010,27,FUE,V,100:00,77,19/30,63%,14/23,61%,10/32,31%,40,93,,,,, 
2010,27,DKV,L,100:00,75,6/8,75%,18/30,60%,11/22,50%,42,87,,,,, 
2010,27,ALI,V,100:00,73,11/17,65%,19/41,46%,8/28,29%,25,77,,,,, 
2010,28,FCB,L,100:00,78,14/20,70%,20/43,47%,8/22,36%,31,73,,,,, 
2010,28,BBB,V,100:00,83,18/23,78%,22/46,48%,7/18,39%,41,83,,,,, 
2010,28,UNI,L,100:00,111,16/20,80%,34/47,72%,9/22,41%,46,150,,,,, 
2010,28,DKV,V,100:00,55,9/12,75%,17/40,43%,4/19,21%,16,31,,,,, 
2010,28,CAI,L,100:00,85,14/17,82%,16/32,50%,13/26,50%,32,100,,,,, 
2010,28,MAN,V,100:00,65,9/10,90%,19/38,50%,6/18,33%,25,58,,,,, 
2010,28,CAJ,L,100:00,63,13/15,87%,16/36,44%,6/23,26%,28,60,,,,, 
2010,28,VBC,V,100:00,74,15/16,94%,16/36,44%,9/20,45%,41,87,,,,, 
2010,28,GRA,L,100:00,65,5/8,63%,24/51,47%,4/17,24%,28,54,,,,, 
2010,28,RMB,V,100:00,73,15/19,79%,20/35,57%,6/19,32%,38,99,,,,, 
2010,28,GCA,L,100:00,85,15/21,71%,17/38,45%,12/23,52%,34,104,,,,, 
2010,28,BRV,V,100:00,73,8/10,80%,19/40,48%,9/23,39%,32,79,,,,, 
2010,28,ALI,L,100:00,87,14/20,70%,26/44,59%,7/20,35%,29,94,,,,, 
2010,28,GBC,V,100:00,76,16/18,89%,18/35,51%,8/26,31%,33,70,,,,, 
2010,28,FUE,L,100:00,78,9/14,64%,21/38,55%,9/28,32%,41,93,,,,, 
2010,28,MEN,V,100:00,61,7/11,64%,18/46,39%,6/13,46%,31,52,,,,, 
2010,28,CLA,L,100:00,89,8/8,100%,21/30,70%,13/25,52%,32,105,,,,, 
2010,28,ASE,V,100:00,66,5/5,100%,26/59,44%,3/19,16%,37,70,,,,, 
2010,29,RMB,L,100:00,77,29/37,78%,15/40,38%,6/18,33%,39,89,,,,, 
2010,29,FCB,V,100:00,72,20/27,74%,17/40,43%,6/20,30%,35,57,,,,, 
2010,29,BRV,L,100:00,62,7/9,78%,20/43,47%,5/24,21%,36,62,,,,, 
2010,29,GRA,V,100:00,67,11/17,65%,19/40,48%,6/23,26%,46,71,,,,, 
2010,29,MEN,L,100:00,85,20/22,91%,25/56,45%,5/23,22%,41,88,,,,, 
2010,29,CAJ,V,100:00,84,18/25,72%,21/32,66%,8/22,36%,30,85,,,,, 
2010,29,GBC,L,100:00,90,18/21,86%,18/31,58%,12/23,52%,28,98,,,,, 
2010,29,UNI,V,100:00,67,13/18,72%,24/38,63%,2/16,13%,25,69,,,,, 
2010,29,VBC,L,100:00,86,18/24,75%,22/39,56%,8/26,31%,36,97,,,,, 
2010,29,ALI,V,100:00,79,13/14,93%,24/40,60%,6/19,32%,26,79,,,,, 
2010,29,DKV,L,100:00,69,20/26,77%,17/44,39%,5/19,26%,30,65,,,,, 
2010,29,GCA,V,100:00,93,13/17,76%,22/40,55%,12/22,55%,41,112,,,,, 
2010,29,BBB,L,100:00,79,10/12,83%,27/54,50%,5/14,36%,42,92,,,,, 
2010,29,CAI,V,100:00,56,12/17,71%,16/32,50%,4/22,18%,32,53,,,,, 
2010,29,ASE,L,100:00,87,9/10,90%,30/48,63%,6/16,38%,40,105,,,,, 
2010,29,FUE,V,100:00,73,9/17,53%,17/38,45%,10/29,34%,30,69,,,,, 
2010,29,MAN,L,100:00,83,16/20,80%,23/45,51%,7/23,30%,34,80,,,,, 
2010,29,CLA,V,100:00,89,16/23,70%,23/34,68%,9/25,36%,34,111,,,,, 
2010,30,CAI,L,100:00,86,11/16,69%,24/32,75%,9/22,41%,26,99,,,,, 
2010,30,RMB,V,100:00,84,4/7,57%,22/44,50%,12/19,63%,24,80,,,,, 
2010,30,GRA,L,100:00,94,20/26,77%,28/47,60%,6/20,30%,44,106,,,,, 
2010,30,DKV,V,100:00,65,12/18,67%,19/36,53%,5/22,23%,27,59,,,,, 
2010,30,MEN,L,100:00,65,14/18,78%,15/35,43%,7/20,35%,27,67,,,,, 
2010,30,VBC,V,100:00,74,16/20,80%,20/37,54%,6/18,33%,34,82,,,,, 
2010,30,CLA,L,100:00,89,16/20,80%,23/44,52%,9/18,50%,34,113,,,,, 
2010,30,BBB,V,100:00,75,15/17,88%,18/38,47%,8/23,35%,29,66,,,,, 
2010,30,FCB,L,100:00,77,14/18,78%,18/37,49%,9/24,38%,42,92,,,,, 
2010,30,BRV,V,100:00,53,5/10,50%,21/54,39%,2/11,18%,33,48,,,,, 
2010,30,UNI,L,100:00,90,21/31,68%,18/33,55%,11/23,48%,33,104,,,,, 
2010,30,ALI,V,100:00,78,12/14,86%,18/37,49%,10/18,56%,24,78,,,,, 
2010,30,FUE,L,100:00,55,9/14,64%,17/36,47%,4/20,20%,35,57,,,,, 
2010,30,MAN,V,100:00,54,5/5,100%,20/41,49%,3/18,17%,34,55,,,,, 
2010,30,GCA,L,100:00,79,17/23,74%,22/45,49%,6/18,33%,39,93,,,,, 
2010,30,GBC,V,100:00,74,8/16,50%,18/30,60%,10/25,40%,27,63,,,,, 
2010,30,CAJ,L,100:00,88,14/20,70%,19/38,50%,12/24,50%,38,94,,,,, 
2010,30,ASE,V,100:00,74,16/24,67%,20/40,50%,6/23,26%,31,75,,,,, 
2010,31,RMB,L,100:00,76,13/14,93%,21/46,46%,7/21,33%,31,87,,,,, 
2010,31,CLA,V,100:00,71,12/15,80%,16/37,43%,9/25,36%,42,71,,,,, 
2010,31,GBC,L,100:00,75,9/15,60%,27/41,66%,4/21,19%,39,82,,,,, 
2010,31,GRA,V,100:00,64,10/18,56%,21/42,50%,4/21,19%,30,59,,,,, 
2010,31,BRV,L,100:00,82,7/10,70%,27/48,56%,7/15,47%,30,95,,,,, 
2010,31,CAI,V,100:00,70,12/15,80%,17/24,71%,8/26,31%,24,71,,,,, 
2010,31,MAN,L,100:00,58,4/9,44%,18/41,44%,6/19,32%,29,50,,,,, 
2010,31,CAJ,V,100:00,66,12/14,86%,15/31,48%,8/24,33%,39,75,,,,, 
2010,31,ASE,L,100:00,77,16/25,64%,17/30,57%,9/25,36%,39,88,,,,, 
2010,31,MEN,V,100:00,69,13/19,68%,19/41,46%,6/15,40%,27,59,,,,, 
2010,31,VBC,L,100:00,73,8/9,89%,25/39,64%,5/23,22%,35,81,,,,, 
2010,31,UNI,V,100:00,71,12/14,86%,19/44,43%,7/23,30%,36,79,,,,, 
2010,31,ALI,L,100:00,66,15/19,79%,15/40,38%,7/22,32%,33,56,,,,, 
2010,31,GCA,V,100:00,75,20/25,80%,20/35,57%,5/18,28%,36,86,,,,, 
2010,31,DKV,L,100:00,65,15/22,68%,19/43,44%,4/16,25%,32,58,,,,, 
2010,31,FCB,V,100:00,68,13/19,68%,17/45,38%,7/22,32%,50,80,,,,, 
2010,31,BBB,L,100:00,75,9/11,82%,21/38,55%,8/25,32%,33,67,,,,, 
2010,31,FUE,V,100:00,84,18/23,78%,15/29,52%,12/28,43%,34,103,,,,, 
2010,32,ASE,L,100:00,74,15/19,79%,16/33,48%,9/23,39%,25,61,,,,, 
2010,32,VBC,V,100:00,87,14/19,74%,23/43,53%,9/23,39%,38,99,,,,, 
2010,32,GRA,L,100:00,57,7/13,54%,19/44,43%,4/18,22%,38,59,,,,, 
2010,32,ALI,V,100:00,71,11/16,69%,18/38,47%,8/25,32%,44,82,,,,, 
2010,32,CAJ,L,100:00,78,19/22,86%,16/38,42%,9/25,36%,33,78,,,,, 
2010,32,BBB,V,100:00,83,11/13,85%,21/40,53%,10/21,48%,30,91,,,,, 
2010,32,CAI,L,100:00,91,21/24,88%,20/34,59%,10/25,40%,36,114,,,,, 
2010,32,DKV,V,100:00,74,8/11,73%,21/41,51%,8/25,32%,29,67,,,,, 
2010,32,MEN,L,100:00,71,9/18,50%,19/52,37%,8/15,53%,45,67,,,,, 
2010,32,MAN,V,100:00,65,19/22,86%,17/39,44%,4/12,33%,26,62,,,,, 
2010,32,FUE,L,100:00,88,13/16,81%,21/35,60%,11/27,41%,38,96,,,,, 
2010,32,RMB,V,100:00,79,8/10,80%,25/45,56%,7/21,33%,29,88,,,,, 
2010,32,CLA,L,100:00,77,7/12,58%,14/28,50%,14/29,48%,32,72,,,,, 
2010,32,BRV,V,100:00,73,8/11,73%,22/43,51%,7/11,64%,23,84,,,,, 
2010,32,GCA,L,100:00,89,20/25,80%,18/36,50%,11/22,50%,33,102,,,,, 
2010,32,UNI,V,100:00,84,12/17,71%,18/29,62%,12/27,44%,21,79,,,,, 
2010,32,FCB,L,100:00,81,11/11,100%,20/41,49%,10/23,43%,38,103,,,,, 
2010,32,GBC,V,100:00,55,13/14,93%,15/41,37%,4/16,25%,32,38,,,,, 
2010,33,ALI,L,100:00,76,9/12,75%,26/51,51%,5/17,29%,34,69,,,,, 
2010,33,FCB,V,100:00,84,21/25,84%,18/34,53%,9/24,38%,36,107,,,,, 
2010,33,MAN,L,100:00,69,15/20,75%,15/39,38%,8/21,38%,39,73,,,,, 
2010,33,ASE,V,100:00,63,15/23,65%,15/38,39%,6/17,35%,35,59,,,,, 
2010,33,GBC,L,100:00,84,8/11,73%,23/45,51%,10/18,56%,31,101,,,,, 
2010,33,CAI,V,100:00,71,5/7,71%,21/41,51%,8/13,62%,24,70,,,,, 
2010,33,DKV,L,100:00,80,15/25,60%,22/51,43%,7/19,37%,33,74,,,,, 
2010,33,CLA,V,100:00,83,19/28,68%,23/38,61%,6/20,30%,42,100,,,,, 
2010,33,BBB,L,100:00,90,17/22,77%,26/47,55%,7/21,33%,37,112,,,,, 
2010,33,MEN,V,100:00,74,10/14,71%,17/30,57%,10/18,56%,21,63,,,,, 
2010,33,UNI,L,100:00,78,12/17,71%,18/35,51%,10/23,43%,36,95,,,,, 
2010,33,GRA,V,100:00,53,9/11,82%,19/40,48%,2/19,11%,27,36,,,,, 
2010,33,GCA,L,100:00,68,16/25,64%,17/39,44%,6/22,27%,44,80,,,,, 
2010,33,VBC,V,100:00,66,4/5,80%,16/35,46%,10/27,37%,34,62,,,,, 
2010,33,BRV,L,100:00,72,12/15,80%,24/44,55%,4/11,36%,28,79,,,,, 
2010,33,FUE,V,100:00,68,11/18,61%,18/29,62%,7/30,23%,32,68,,,,, 
2010,33,RMB,L,100:00,78,6/10,60%,21/42,50%,10/21,48%,32,102,,,,, 
2010,33,CAJ,V,100:00,59,10/11,91%,23/44,52%,1/14,7%,33,49,,,,, 
2010,34,MEN,L,100:00,76,10/14,71%,27/55,49%,4/11,36%,32,60,,,,, 
2010,34,RMB,V,100:00,91,12/16,75%,26/42,62%,9/23,39%,29,106,,,,, 
2010,34,VBC,L,100:00,81,18/23,78%,27/48,56%,3/13,23%,33,93,,,,, 
2010,34,MAN,V,100:00,68,15/17,88%,16/36,44%,7/16,44%,27,63,,,,, 
2010,34,ASE,L,100:00,68,16/20,80%,20/37,54%,4/19,21%,33,74,,,,, 
2010,34,BBB,V,100:00,78,7/10,70%,25/48,52%,7/20,35%,35,80,,,,, 
2010,34,CAJ,L,100:00,98,8/11,73%,30/42,71%,10/20,50%,35,116,,,,, 
2010,34,BRV,V,100:00,75,15/20,75%,24/50,48%,4/19,21%,31,66,,,,, 
2010,34,FUE,L,100:00,108,20/21,95%,23/39,59%,14/35,40%,33,123,,,,, 
2010,34,DKV,V,100:00,81,23/30,77%,17/33,52%,8/19,42%,32,78,,,,, 
2010,34,CLA,L,100:00,79,14/17,82%,28/47,60%,3/14,21%,33,102,,,,, 
2010,34,GBC,V,100:00,70,13/15,87%,18/39,46%,7/20,35%,33,70,,,,, 
2010,34,CAI,L,100:00,90,17/27,63%,14/32,44%,15/25,60%,36,114,,,,, 
2010,34,ALI,V,100:00,86,9/12,75%,22/37,59%,11/25,44%,26,87,,,,, 
2010,34,FCB,L,100:00,79,11/18,61%,19/32,59%,10/25,40%,29,79,,,,, 
2010,34,UNI,V,100:00,84,13/18,72%,22/41,54%,9/20,45%,32,95,,,,, 
2010,34,GRA,L,100:00,69,9/17,53%,21/43,49%,6/20,30%,31,63,,,,, 
2010,34,GCA,V,100:00,93,15/20,75%,18/37,49%,14/27,52%,41,117,,,,, 
2010,35,FCB,L,100:00,76,12/14,86%,20/41,49%,8/25,32%,34,87,,,,, 
2010,35,UNI,V,100:00,65,11/15,73%,18/37,49%,6/21,29%,40,72,,,,, 
2010,35,RMB,L,100:00,93,24/28,86%,21/36,58%,9/20,45%,35,120,,,,, 
2010,35,FUE,V,100:00,72,12/13,92%,21/44,48%,6/18,33%,27,58,,,,, 
2010,35,VBC,L,100:00,72,16/20,80%,13/29,45%,10/26,38%,26,67,,,,, 
2010,35,BBB,V,100:00,79,12/13,92%,26/46,57%,5/14,36%,36,96,,,,, 
2010,35,CLA,L,100:00,86,23/31,74%,12/34,35%,13/20,65%,32,97,,,,, 
2010,35,GCA,V,100:00,82,9/12,75%,17/37,46%,13/31,42%,30,72,,,,, 
2010,36,UNI,L,100:00,52,8/11,73%,16/47,34%,4/19,21%,34,40,,,,, 
2010,36,FCB,V,100:00,84,5/8,63%,29/43,67%,7/22,32%,41,108,,,,, 
2010,36,FUE,L,100:00,55,7/11,64%,15/34,44%,6/30,20%,34,47,,,,, 
2010,36,RMB,V,100:00,68,12/15,80%,19/43,44%,6/14,43%,42,81,,,,, 
2010,36,BBB,L,100:00,79,22/28,79%,18/30,60%,7/30,23%,27,83,,,,, 
2010,36,VBC,V,100:00,75,18/22,82%,15/28,54%,9/22,41%,35,72,,,,, 
2010,36,GCA,L,100:00,76,10/15,67%,24/39,62%,6/22,27%,20,77,,,,, 
2010,36,CLA,V,100:00,93,15/17,88%,18/31,58%,14/25,56%,34,117,,,,, 
2010,38,FCB,L,100:00,86,11/14,79%,30/53,57%,5/12,42%,38,110,,,,, 
2010,38,CLA,V,100:00,71,4/4,100%,20/39,51%,9/21,43%,21,65,,,,, 
2010,38,RMB,L,100:00,78,13/21,62%,19/35,54%,9/25,36%,33,94,,,,, 
2010,38,BBB,V,100:00,67,14/16,88%,19/46,41%,5/12,42%,34,70,,,,, 
2010,39,FCB,L,100:00,78,13/15,87%,22/41,54%,7/17,41%,31,94,,,,, 
2010,39,CLA,V,100:00,62,7/12,58%,23/41,56%,3/11,27%,23,52,,,,, 
2010,39,RMB,L,100:00,66,21/28,75%,15/30,50%,5/20,25%,33,73,,,,, 
2010,39,BBB,V,100:00,71,17/20,85%,24/47,51%,2/19,11%,38,74,,,,, 
2010,40,BBB,L,100:00,68,8/12,67%,15/41,37%,10/25,40%,44,67,,,,, 
2010,40,RMB,V,100:00,51,15/19,79%,15/34,44%,2/15,13%,29,45,,,,, 
2010,40,CLA,L,100:00,61,8/10,80%,16/52,31%,7/17,41%,46,59,,,,, 
2010,40,FCB,V,100:00,71,14/19,74%,21/46,46%,5/16,31%,38,90,,,,, 
2010,41,BBB,L,100:00,80,29/31,94%,21/37,57%,3/15,20%,34,91,,,,, 
2010,41,RMB,V,100:00,72,15/17,88%,21/38,55%,5/20,25%,27,69,,,,, 
2010,43,FCB,L,100:00,74,12/18,67%,22/45,49%,6/19,32%,43,92,,,,, 
2010,43,BBB,V,100:00,64,14/18,78%,16/38,42%,6/17,35%,31,62,,,,, 
2010,44,FCB,L,100:00,74,19/22,86%,17/34,50%,7/23,30%,36,84,,,,, 
2010,44,BBB,V,100:00,67,18/25,72%,14/41,34%,7/23,30%,40,57,,,,, 
